Clé	Siminymes	
gardienne		
trois	deux contre lale 	
gardé		
vêpre		
plumes		
soudain	souvent amasser lieu 	
enlevé		
être		
rois		
sagesse	divin sceptre table 	
pille		
jours		
tel	joie aucun present 	
corne		
avant	mot afin renom 	
Pisénor		
•		
revint		
tes		
produit		
loyale		
cœurs		
 'spère		
coup	eriger menu jusques 	
,		
nous	ceci me chercher 	
.		
/		
vitement		
avis	plaisir chemin appreter 	
curant		
pouvoir	vous ceci votre 	
sera		
quatrième		
aille		
Dieu		
 'ouange		
donnerons		
:		
moleste		
;		
 'mbarque		
subtile		
C		
ressaisir		
arriver	habit chanteur longue 	
savons		
I		
Phémin		
J		
venger	endroit afin on 	
L		
époux		
commencé		
vengés		
remord		
N		
concile		
O		
ces		
prochaine		
 'pouseront		
cet		
S		
T		
valeurs		
indiscret		
bouche	couvrir pere volonte 	
 'utrement		
arrivée		
aise		
moulue		
désir		
seul	robe mien ennui 	
sonnez		
vraies		
débonnaire		
a	maison poursuivant finir 	
c		
d		
apprêts		
e		
f		
retardé		
j		
l		
réveille		
pied	tuer droit courage 	
seigneurs		
m	vous pouvoir encore 	
n	tu moi quel 	
o	rien meilleur falloir 	
procréé		
s	profond son compagnon 	
suite	part propos rejouir 	
police		
t		
u		
apprête		
y	rien reveler certain 	
veuillez		
citoyens		
 'cumes		
emplisse		
poitrine	appeler comme es 	
faittis		
opinent		
mesures		
amasses		
amasser	bon eriger soudain 	
pillé		
viennent		
lits		
détourner		
 'imât		
monceau		
demeura		
troupes		
espérance		
entier	naissance endroit oublier 	
demeure	rentrer ame dans 	
voudra		
mieux	devoir moins dextre 	
famille	dedans parmi amener 	
par	prudent navire servir 	
établi		
autour	lors courroie main 	
 'lirai		
pas	si ou moi 	
acheva		
sans	tôt absent gloire 	
 'ies		
importuns		
folle		
semblez		
importune		
noire		
rapinent		
mangiez		
coutures		
Phrone		
cessez		
réponde		
protesterai		
quiconque	conduite revenu substance 	
menue		
requise		
folie	memement aussi venuvenue 	
jette		
bouter		
aussi	venuvenue folie pays 	
sortant		
cesser	sus penser revenu 	
devenu		
peau	dedans tasse puis 	
à		
hache	chacun eriger lieu 	
muis		
 'écessité		
débonnaireté		
écoutez		
mente	posseder ensuite loin 	
 'sent		
enquis		
pièce		
 'pporte		
mêmes		
basse		
ô		
amassés		
martyriser		
passant		
desquelles		
 'chanson		
étaient		
salé		
bouger		
prophète		
atlas	pain blanc guerre 	
plier		
barque		
favorable	proposer trop ouïr 	
demeuré		
cordiale		
sache		
Ulysse		
émoi		
remordre		
avenu		
scabreuse		
propos	avecques ensemble grief 	
 'ssied		
peu	bas damoiselle thelemacque 	
hôtel	plaisir damoiselle connaître 	
mène		
revenu	aucun rien penser 	
 'ccointance		
langue	etendre promettre verser 	
chambre		
scandalisé		
remis		
gentils		
filant		
souci	mauvais longtemps devorer 	
 'ntendent		
savoir	personne verite jamais 	
hôtes		
disent		
appareil		
apprêtaient		
Pyle		
pénitence		
semblable	egorger heraut deposer 	
bailleront		
noirs		
rendrai		
conduit		
courbe		
larges		
propre	mille cœur toi 	
toi	patrie mille propre 	
mocquars		
ton	difficile mon perir 	
noise		
devers		
disait		
entrée		
gré		
mauvaise		
violence	perte fort nombre 	
brocards		
esclave	port aurore repandre 	
voûté		
haut	servante vin verser 	
premier	retarder ouvert honnete 	
incertain		
touchant		
 'utre		
souef		
milieu	pres pretendant compagnon 	
ardeur		
caduc		
motet		
tôt	proposer chose favorable 	
proprement		
flots		
avait		
ailes		
ensuivant		
devait		
marrie		
diffame		
vermeille		
onze		
col		
 'ctes		
retraite		
apporte		
temps	soir argent prendre 	
homicide		
mettre	preparer defaire visiter 	
surmontant		
vingtième		
voit		
encablé		
vois		
voir	petit chez voila 	
murmuraient		
depuis	cesse double surtout 	
soyez		
marissons		
las	manger envers tres 	
voix	asseoir fille aupres 	
Thoote		
voie	deça duquel chef 	
averti		
nuisante		
épreuve		
objet		
terroy		
courir		
suivi		
 'merveillant		
ménétriers		
repassant		
mère		
instiller		
Roy		
 'rons		
faites		
prêts		
 'lite		
muse	mentor posseder mente 	
cause	reproche endurer desir 	
coucher	conter bon raison 	
meurtrier	esclave port aurore 	
différé		
sauveté		
départ		
scellez		
Ores		
leva		
pusillanime		
suspens		
devant	visiter partager conclure 	
cri		
 'nduire		
aurais		
aurait		
promptement		
vaille		
leur	ils magnifique heraut 	
propices		
accord		
tien		
soupirer		
poursuivants	hôtel dela sejourner 	
malheurté		
jadis	terre massif famille 	
 'ncontreet		
prête		
immortels		
celui	toile saisir remplir 	
tranchaient		
quel	vous moi n 	
divinement		
voulut		
éminent		
vont		
fuis		
obit		
mangé		
supplie		
 'fforce		
Antiphe		
meilleur	souvent messieurs fin 	
dévoré		
les		
donnerai		
hardiesse		
pitié		
baller		
 'ccomplisse		
Antinois		
connais		
solennels		
espérer		
 'vons		
sinon		
videz		
marri	bon joie amasser 	
près		
anis		
disant		
joignant		
desquels		
prendrai		
ardent		
privé		
nobles		
péri		
retenez		
marine		
pot		
dextre	messieurs plusieurs pendre 	
pucelle		
raillant		
émue		
 'près		
millier		
offerte		
surplus		
honneur	doux marcher punir 	
léger		
demander	jusqu parmi rendre 	
Phedin		
cheveux		
droits		
prêt		
offrir	sans gloire volontiers 	
cabinet	huis adonc entour 	
susdit		
servantes		
contenaient		
pluie		
prendre	soir argent temps 	
tué		
puissiez		
revient		
Agamemnon		
réjouir		
marchant		
 'donnait		
appellerez		
avaient		
défaisait		
malgré		
reposer		
Ogyge		
 'rez		
lit	mariage cite disposer 	
survenu		
pris		
prit		
avenue		
champ	troye huis travailler 	
procédée		
crois		
aujourd	monter placer appartement 	
Père_N		
pauvre		
sortira		
révolu		
prie		
 'nterdit		
secrets		
souvent	amoureux bout soudain 	
ayons		
mangent		
quatre		
maritime		
poignaient		
préparer		
accoutre		
chant	etendre adonc terminer 	
possédée		
 'couter		
joyeusement		
assemblée		
effort		
quoi	menetrier vrai vivant 	
retirez		
tint		
chercher	tant voir nous 	
ouvrières		
 'merveillait		
retirée		
conte		
lave		
prudent	main porte mer 	
 'loquence		
preux	nuit divin soutenir 	
 'ucun		
doit		
dois		
 'rde		
 'voir		
commettent		
pain	servante blanc guerre 	
assembler	bout endurer pendre 	
 'thaque		
sachez		
 'uront		
finalement		
pais		
nette		
farine	brebis blanc mer 	
chacun	hache pret ordre 	
discrète		
travailler	bas honnete cabinet 	
égyptien		
engendré		
amenez		
odieux	vie travail pensee 	
compris		
ferait		
aperçut		
pur		
demande		
 'njure		
midi		
secours		
somptueux		
présage		
harpyes		
imaginer		
bien	te pouvoir ou 	
gendarmerie		
tenant		
danses		
vous	pouvoir m votre 	
traitez		
irai		
envoie		
sûre		
caves		
Ethiopes		
veilleront		
mettent		
derechef	or sortir long 	
rassemblèrent		
mener	nourrir sommeil irriter 	
mordit		
empreinte		
marier		
secourable		
rames		
Ithaquois		
aperçue		
séjour		
acheminée		
revenir	voila absent avant 	
consultation		
 'gréât		
guerdon		
pût		
érigé		
obéir		
dépens		
naufs		
 'njoint		
assure		
rempli		
dépend		
vinsse		
tire		
peut		
dedans	tasse celebrer gros 	
retourne		
affecté		
 'rai		
chair		
peur	joie rien present 	
certes	endroit vivant sorte 	
gouvernés		
incoupable		
terres		
chevaux		
vêtements		
connu		
 'vis		
 'pproche		
présent		
gardes		
mien	traiter ennui depart 	
toujours	sembler banquet depart 	
torse		
contrainte		
 'ttends		
visage	dessus preux entour 	
traînant		
 'dresse		
bruit	revenu substance marri 	
Intersecteur		
nouveaux		
seigneur	jupiter honnete cabinet 	
mettrait		
ossue		
cordes		
tels		
traitaient		
dommageet		
prétends		
vieillard	decouvrir meilleur fin 	
sortirent		
 'vez		
prétendu		
déployés		
maison	a attendre poursuivant 	
côté		
blesse		
saurais		
beau	preparer ranger visiter 	
saurait		
ondes		
tissait		
étendue		
apporter	defaire assemblee quand 	
amiable		
façon		
sacrifice	peau entre nef 	
indisposé		
heureux		
nommé		
telles		
domine		
corps		
donc	venir dire accomplir 	
irez		
produire	preparer beau deux 	
horreur		
présidant		
joignaient		
moutures		
tenait		
dont	laver obscur ouvert 	
très		
crains		
endroit	sembler certes venger 	
étendre		
nilles		
pars		
part	gens amuser pendre 	
cyclope	dur icare airain 	
espérâmes		
Grecs_B		
point	cher enfant encore 	
tenu		
tiré		
jurement		
Laërte		
durée		
chef	bas blamer gre 	
 'perçoit		
majesté		
cordages		
dès		
produisant		
parvenir		
demeurer	beaucoup conduite venuvenue 	
chez	desormais ceans las 	
 'ntre		
audace	gentil boire lieu 	
produite		
chétif		
domicile		
raideur		
cher	partir y ouïr 	
Polybe		
javelots		
lui	au ame dans 	
 '		
compassion		
erré		
hommes		
 'urait		
des	souvent fin lieu 	
chambrières		
barre		
déité		
Euryclée		
pleine		
obsèque		
record		
serre		
étrivant		
navires		
 'venor		
diverse		
oiseaux		
longuement		
Thémis		
jointure		
présente		
bataille		
clos		
pleins		
recors		
afin	mot tres venger 	
soigneusement		
parfondes		
 'tais		
 'tait		
désanobli		
désirable		
cours		
 'rigine		
empoché		
occis	passer boire lieu 	
mettant		
pendit		
damoiselles		
dommage		
abat		
recueille		
couse		
doux	nourrice souvent louer 	
amoureux	souvent gentil boire 	
appert		
faitset		
telle		
regarder		
 'ntreprise		
siens		
outre	ores ecuyer comme 	
extermine		
crédit		
étant		
voudrais		
femmes		
 'nsolence		
voulez		
grevé		
 'oison		
breuvage		
menait		
voilà		
hardiment		
 'urent		
seriez		
larmoyer		
fâcheux		
consomme		
bassin		
Nestor		
appelé		
nues		
 'aux		
dit		
Taphiens		
dis		
combien	rien aucun avecques 	
impuissant		
impudent		
ménétrier		
ignores		
 'viron		
habit	vent rivage asseoir 	
inclinée		
poupe		
misère		
grosse		
descendances		
blâmez		
fier		
train		
concave		
Same		
trouvera		
autrement	laver duquel ecuyer 	
légitime		
présenté		
soir	droit entre etat 	
soit	public ceci ici 	
sois		
craignons		
soin	solennel ecuyer gros 	
requête		
solennel	gentil gros lieu 	
allât		
publiquement		
appris		
divin	nuit dessus table 	
tant	or avecques chercher 	
heureusement		
dirai		
patins		
lequel	ville retour souvenir 	
ferre		
toutes		
encontre		
exposés		
petit	trop ouïr las 	
reçue		
mise		
prince	vieux cite entour 	
bref	nourrice doux louer 	
méchef		
 'ssit		
flotte		
ébahi		
trop	maintenant tres o 	
suprême		
grand	bout commencer jusques 	
une		
 'paise		
évertuer		
Arge		
légion		
dénotant		
fâcheuse		
triste	te meme apprendre 	
partit		
partir	public y cher 	
 'ncore		
fournir		
uns		
voile	vent porte peuple 	
escabelle		
pays	memement aussi venuvenue 	
nuit	divin soutenir preux 	
Rhètre		
ouverte		
nouveau	joie gentil messieurs 	
moutons		
approcher	ils construire remplir 	
cloison		
réjouissance		
tables		
vivait		
sons		
sont		
recommandés		
jamais	croire personne savoir 	
signes		
espace		
empoignaient		
Anopée		
etrire		
jolie		
 'ccompli		
viendront		
bancs		
 'ssembler		
arbitre		
contents		
repos	cas avecques o 	
revêtu		
travers	ville ranger pensee 	
messager	pret ordre celebrer 	
brasseront		
bande	dedans solennel chef 	
don	seulement vivre favorable 	
ruses		
touche		
plaise		
loisir		
mention		
acérés		
travail	vie paternel tous 	
mal	ensemble propos grief 	
étuyée		
louer	souvent fin plusieurs 	
hâte		
épars		
supplication		
mas		
empoisonnera		
premièrement		
blâmée		
Oreste		
prise		
buvant		
 'rre		
professeur		
menu	tasse coup metier 	
jurez		
retiens		
parler	esperer revenu quiconque 	
 'cuyer		
 'ccompagner		
jurer	apporter produire assemblee 	
pourra		
mourir	desormais venger on 	
hué		
enfant	venir prier encore 	
riche	sommeil noir pitie 	
lourde		
ensachés		
titre		
armes		
banquet	vrai quant depart 	
main	lors courroie porte 	
nommes		
 'rgueil		
mais	engager affliger propre 	
proches		
fini		
mangeront		
pronostique		
renvoie		
mange		
écharpe		
Alitherse		
seulement	don attendre vivre 	
bâtons		
fils		
Sparte		
nommant		
rompt		
rompu		
reproches		
voire		
prenez		
foulez		
 'cciront		
troupe		
hors	tombeau pays rejouir 	
 'pouser		
irrité		
vivant	vrai ores duquel 	
 'ssemblée		
délibéré		
 'nquérir		
prend		
était		
devoir	attendre ami mieux 	
naguère		
sous	bœuf ordre vingt 	
Messieurs		
toile	fer saisir riche 	
elles	cite messager metier 	
ferons		
loin	du au etranger 	
mes		
mer	brebis eau porte 	
consistoire		
gardait		
met		
revenant		
ville	chanter grecs conclure 	
sagement		
veuil		
fins		
incité		
pourvu		
conducteur		
séant		
duc		
discours		
écoutant		
cheminer		
machiné		
hypocrite		
richement		
dur	beaucoup demeurer haranguer 	
fraude	nourrice laisser naître 	
notre	garder grand long 	
secrète		
commit		
jetant		
usé		
cure		
merveilleux		
danger	tasse etat peau 	
pourrait		
serai		
laissez		
pourrais		
héritage		
faisons		
saison		
obéissants		
seras		
 'udace		
grâce		
grandement		
Témèse		
 'nvole		
crevé		
désire		
mets		
moyens		
assurément		
amour		
racheter		
excité		
 'insi		
pourceaux		
hécatombe		
trépas		
beaux		
 'utrepasse		
séjourner		
cosses		
dépoter		
dût		
bénin		
male		
promptitude		
joyeux	chevre jeter entrer 	
redoutable		
 'vertissant		
achevant		
sentiez		
puisses		
long	joindre vetement nombre 	
pressente		
instruits		
désormais		
venait		
légers		
mis		
mit		
vinrent		
instruite		
 'rient		
légèrement		
mainte		
ébats		
nettement		
 'ternelle		
commande		
décevant		
maints		
puissant	jeter lit grecs 	
face		
paternel	vie eternel travail 	
inspire		
arroi		
polie		
souffrirait		
maisons		
mourra		
garçon		
gaudir		
vermine		
huile		
luiet		
 'iesse		
 'ugmente		
Troyens		
ici	soit public partir 	
défaire		
donnaient		
dieux		
pèlerins		
 'ussiez		
nourrissement		
exhorte		
fasse		
dépense		
lamente		
impatient		
saurez		
achevait		
assurance	passer sejourner sorte 	
sépulcre		
blanche		
difficile	ton mon perir 	
monde		
cartier		
espère		
piller	naguere mot coup 	
que	ne je - 	
qui	de recourbe festin 	
sommeil	retirer deja riche 	
expirés		
ranger	pleurer departir disposer 	
vivres		
grands		
 'aguère		
saisie		
admis		
seing		
travaux		
fortes		
pendue		
résistance		
corsage		
semble		
planté		
celle		
trouva		
vouloir	dire m encore 	
longtemps	seulement mauvais vivre 	
saisis		
quartiers		
sceptre	divin servante blanc 	
grande		
préserver		
Liocryte		
venant		
métier		
réponse		
mari		
comment	venir mere ni 	
vulgaire		
trouve		
tortisses		
fera		
mignons		
unanime		
maux		
aigles		
moi	suivreetre dire quel 	
prefix		
fait	dextre pendre tantôt 	
fais		
banquetons		
mon	engager difficile perir 	
choisirai		
nonobstant		
mot	afin avant renom 	
états		
réside		
ayant		
appartient		
vas		
craignez		
fâcherait		
 'ser		
chère		
lors	autour main tirer 	
 'vançait		
achevé		
conversé		
versaient		
honnête		
larmoyant		
désassemble		
secret	bon boire soudain 	
requis		
fumée		
départirent		
Phorcin		
matière		
pleurants		
tirons		
aisément		
poix		
faveur		
 'venir		
multitude		
fortuné		
brebis	eau mer voile 	
négoces		
fert		
chèvres		
vaudrait		
détroits		
incivils		
 'cérée		
puissent		
guerdonner	venger content renom 	
 'lors		
fumes		
assistait		
comme	outre vivant sorte 	
sallette		
Olympe		
serment	vent voile verser 	
allés		
tombe		
voici	heritage immortel avec 	
dépouillée		
aller	choisir pouvoir partir 	
 'nstant		
 'ndustrie		
dansé		
tours		
Calypso		
enquerre		
banni		
veuille		
assorti		
célestes		
véhémente		
allez		
niée		
adoncques		
appétits		
prospéré		
serfs		
honores		
 'bahir		
étrangers		
lustre		
direz		
ils	construire remplir approcher 	
vraie		
provision	saisir suivre servir 	
année		
folâtre		
finir	poursuivant deux selon 	
avancé		
morts		
finis		
commence		
caverne	commander soi souffrir 	
ennuis		
conseil	deça solennel ecuyer 	
haineuse		
doucement		
infus		
tendons		
nuits		
mutin		
mus		
sentira		
prier	assez enfant encore 	
gâcher		
contraindre		
avenant		
attendant		
trace		
berceau		
public	partir y propos 	
 'dmonester		
celer		
ramène		
sentaient		
commença		
écorchant		
contre	trois vivre perte 	
toute		
cœur	palais consumer propre 	
tête		
ruse	conduite demeurer revenu 	
cette		
pleurait		
vieille		
fortune	dedans parmi chef 	
tombeau	deja memement pays 	
descendit		
loué		
grave		
Pénélope		
enquérir		
fans		
 'quipage		
entonnèrent		
quiert		
mains		
repas	retirer pleurer pensee 	
dernier	etendre parmi promettre 	
ennui	damoiselle depart honnete 	
speloncques		
cuivre		
malheur	vous besoin m 	
sorti		
blasphème		
enflammé		
ion		
faire	poitrine rompre descendre 	
grégeois		
notoire		
sorte	certes dela sejourner 	
gratifier		
conséquence		
vif	croire enquerir cher 	
vie	souvent travail tous 	
avantage		
répondit		
absent	vrai revenir vivant 	
quérir		
vin	vieux haut verser 	
donnent		
 'ugure		
avertirez		
allonger		
silence	eriger sien lieu 	
entour	adonc cabinet nef 	
remontée		
grief	rien tantôt o 	
savez		
vit		
excellent		
Thelemacque		
sommes		
émouvoir		
sommet	vetement courage long 	
désiste		
épouse		
fantastique		
oyez		
craignant		
passe		
peuple	vent chanter voile 	
charges		
nymphes		
faite		
harangue		
noblesse		
endure		
 'ccomplir		
amené		
prudence	antinois taphiens foret 	
airain	sparte pallas cyclope 	
même		
hastés		
Micène		
 'rmet		
dorées		
mariage	grecque lit disposer 	
fâchée		
tuent		
refuse		
grasses		
retire		
ira		
feinte		
ire	marcher cas propos 	
Pourvoyez		
obstinée		
saint		
ceci	pouvoir me votre 	
femme	moins lale etat 	
auprès		
rusé		
liens		
plaisanta		
reproche	endurer travail desir 	
donnera		
faisaient		
fatals		
plaisante		
donnait		
malaise		
ace		
envoyant		
arrivant		
mariniers		
régner		
fusille		
marché		
blonde		
magnanime		
 'xercice		
dessus	divin huis dont 	
longue	asseoir devant partager 	
 'ussent		
blonds		
dépêché		
massif	dedans droit entre 	
Eurymon		
assistants		
 'bstenir		
faux		
noces		
trompeteurs		
 'âte		
affolés		
faut		
port	deesse repandre dieu 	
mélodieux		
errant		
perverse		
querre		
rapporter		
introduits		
conduire	saisir couche cœur 	
départait		
sœurs		
séjourne		
hôte	voila entendre jamais 	
occident		
vol		
démenant		
mûre		
 'paule		
vos		
logez		
impétuosité		
fussiez		
prétendues		
pouvez		
pour	demeure palais consumer 	
erreur		
instruit		
cautèles		
insigne		
visiter	preparer beau mettre 	
descendre	sembler depart importun 	
message		
notée		
offrandes		
villeet		
venins		
 'ûtes		
tireurs		
songé		
batailler		
trouvée		
enserré		
pourras		
Duliche		
matins		
taché		
lieux		
souffrir	pret force place 	
marche		
garnis		
trouver	commander retirer soi 	
trouvés		
rien	aucun peur o 	
imprime		
repasse		
navire	parentparents devant servir 	
besogne		
ris		
chantre		
posé		
couchette		
forte		
Bœufs		
prêché		
lèvres		
guise		
écoute		
moins	femme fort pendre 	
aie		
Ithaque		
Ithacquois		
nourrice	souvent laisser naître 	
puisse		
jeté		
adonne		
unie		
ais		
ombrageux		
logis	eriger soudain lieu 	
parole	telemaque bleu appartement 	
ait		
courage	tuer pied peau 	
tantôt	joie present humain 	
funéral		
nouvelles		
généreux		
 'gneaux		
naïfs		
fervente		
détruise		
poursuivie		
abonde		
approche	souvent secret plusieurs 	
sacres		
trouvez		
punira		
portaient		
tolu		
surpris		
donnez		
pourrai		
boire	amoureux secret lieu 	
cela	chez voir on 	
détruire		
royal		
Las		
amitié		
donnés		
tasses		
cent		
odeur		
est	laver autrement solennel ecuyer 	
deuil	blamer sien metier 	
née		
craignait		
donner	maintenant attendre ouïr 	
nef	amener deuil entour 	
pages		
bobans		
massifs		
désordre		
allèrent		
été		
haine		
corbeilles		
chasser	exciter longtemps contre 	
laissé		
courroie	lors main voile 	
réconfort		
hautains		
coupes		
Me		
pointe		
jugement		
ami	envers avecques devoir 	
souffert		
autels		
eut		
eux	vieux lit grecs 	
ensemble	rien trop ouïr 	
meignie		
roi	ce il un 	
autres		
magicien		
voulu		
prédis		
prédit		
chose	manger maintenant tres 	
doive		
hautaine		
demain	joie sembler tres 	
hardes		
gages		
crie		
quotidienne		
ans		
lui_N		
 'nime		
tranche		
impropères		
cité		
 'ucuns		
adroit		
vivants		
mille	richesse patrie rester 	
immortelle		
augures		
ouïr	trop favorable o 	
eût		
fenêtre		
soirs		
pourris		
esprits		
grandes		
voulait		
chansons		
Aurore		
perte	desirer contre lale 	
bois		
cesserons		
cesseront		
gloire	sans voila chose 	
clavière		
épris		
volée		
quelque	affaire reveler certain 	
 'ôtel		
étincelle		
 'ppelait		
 'mprise		
rassis		
vaisseaux		
soleil	trois mort mener 	
aréneuse		
pitoyable	messieurs enjoindre pendre 	
vitupères		
quelquefois		
troisième		
épais		
besoin	vous malheur quel 	
servante	pain haut sceptre 	
regrets		
obsèques		
 'ller		
maître	peu forfait predire 	
amusés		
couchant		
devis		
illustres		
luisant		
sablonneuse		
enseigne		
meurtre		
Ephyre		
vignoble		
captive		
dégouttant		
amusée		
pires		
entière		
rendit		
art	ordonner long illustre 	
croyez		
jeunes		
banqueter		
tout	ils tandis leur 	
gras	pret secret soi 	
griffes		
tour	punir retourner honneur 	
seraient		
tous	vie ordre secret 	
 'au		
 'ponge		
état		
infortuné		
palais	se ame dans 	
piliers		
lointain	menetrier maintenant messieurs humain 	
pensant		
flambeaux		
alentour		
 'ssiette		
aurez		
nouvellement		
délibère		
perche		
pourrez		
fête		
baillée		
œuvre		
manche		
ordonnerai		
cestuy	bout falloir plusieurs 	
ornée		
perdrait		
vies		
yeux		
soupât		
rire		
estime		
prendrions		
bonne		
halecrets		
intolérable		
 'ci		
ceux		
lesquels		
finisse		
composé		
pièces		
lorsqu	deesse vers cratere 	
nonpareil		
 'cu		
voyant		
esprit	epouser damoiselle connaître 	
reviendra		
ayez		
tablé		
aux		
regrettant		
entendement		
huis	ouvert cabinet dont 	
déclaré		
feras		
non	oui si moi 	
nom		
alla		
Mercure		
nos		
abordé		
contendons		
particulier		
personnage		
mont		
vécu		
muguets		
démit		
deviner		
Alcmène		
feindre		
île	soir etat illustre 	
race		
porterai		
empoisonner		
substance	bon joie present 	
tasse	dedans ordre droit 	
Icare		
effet	ores comme sorte 	
voisins		
serait		
bourse		
région		
peaux		
vifs		
voulant		
bons		
votre	vous pouvoir ceci 	
chevelus		
ordonnes		
avirons		
dangers		
déplaise		
récite		
tissue		
mémoire		
autant	solennel chef gros 	
donné		
feulement		
Taphe		
inconnu		
reviendrez		
bord		
voyagé		
gens	memement venin pendre 	
barreaux		
instruments		
gent		
évanoui		
rend		
chiens		
Saturne		
habitants		
répondre		
baillas		
souple		
couvert		
celles		
déplaire		
inventeurs		
 'rrête		
voyez		
double	depuis surtout luire 	
grecs	mariage lit disposer 	
 'ge		
adresser	rentrer pretendant parole 	
finesse		
illustre	soir departir etat 	
endurez		
trésor		
bœufs		
ferai		
faisait		
droit	ordre tuer tasse 	
suis		
excessive		
style		
expressément		
joyeuse		
allé		
attendons		
Egiste		
âgés		
âgée		
urgemment		
raboutant		
confuse		
autrefois	avis jeune messager 	
brocs		
appartiendra		
rendre	deplaire des etat 	
mort	commander tenir eternel 	
étiez		
vile		
suivre	epoux avancer nombre 	
souvenir	epoux asseoir lequel 	
conduits		
équiper		
 'il		
nouvelle		
terminer	chant amener nef 	
alors	jeter noir grecs 	
causées		
 'ie		
 'tes		
aperte		
bienfait		
conduite	demeurer revenu venuvenue 	
pense		
superbes		
auxquels		
empêchées		
certain	reveler affaire o 	
liqueur		
 'it		
 'is		
incontinent		
 'ir		
bout	souvent plusieurs pendre 	
fois		
donna		
Ithacque		
nul	epouser celebrer gre 	
chants		
reviendrai		
 'mbreuse		
contentement		
départir		
vint		
donne		
vins		
départit		
mots		
fer	toile saisir rester 	
ainsi	savant perdre tres 	
 'tat		
dorénavant		
iceux		
seule		
faisant		
 'cheta		
eschés		
depieça		
allait		
cave	solennel comme lieu 	
déduit		
harpe		
etsavoir		
 'yant		
pleurs		
seuls		
voyage	cher certain quelque 	
ordonnent		
etfut		
gentille		
menacer		
déchasser		
 'ls		
cesse	cratere sage chevelu 	
entorse		
mauvais	seulement longtemps foifois 	
faits		
langueur		
chantait		
pensera		
propres		
 'loigne		
 'le		
présence		
vrai	gentil duquel vivant 	
emporté		
patient		
dieu	deesse port cratere 	
lavaient		
Dea		
Minerve		
enterrant		
pauvres		
désarroi		
épée		
prospère		
 'ne		
pensaient		
funèbre		
aucune		
broderie		
front		
tienne		
 'mbre		
confus		
illec		
encline		
baillât		
petite		
 'utres		
commandant		
certaine		
 'nt		
mentor	mente muse ensuite 	
retourner	manger ecouter guerdonner 	
quelques		
intime		
il_N		
 'ttendre		
aucun	joie rien present 	
valets		
parlé		
ouvert	conseil laver ecuyer 	
ravaler		
fil		
lavez		
fin	souvent decouvrir soudain 	
digne	tombeau aussi pays 	
trembler		
avoir	pour etre roi 	
pourvoie		
fond		
fit		
Neptune		
laver	conseil autrement ecuyer 	
dresse		
bas	blamer sien damoiselle 	
serons		
seront		
rendu		
réserve		
faible		
décise		
bienveillant	conseil laver obscur 	
chandelle		
prochain		
mangée		
haineux		
 'sprit		
juger		
céleste		
ai		
secoué		
rende		
 'nnui		
manger	maintenant envers chose 	
hériter		
prenaient		
as		
entreprise		
moyen	lever pitie voix 	
au	du loin dans 	
aperçurent		
perdu		
soutenir	nuit divin cabinet 	
fraîchement		
permettez		
grecques		
certainement		
entendre	verite savoir jamais 	
flambant		
furent		
gros	dedans boire lieu 	
 'visa		
douze	dire comment ni 	
entrasse		
traits		
penser	revenu reveler certain 	
appétit		
mangez		
agréable		
tristesse		
tourment		
elle	milieu leur compagnon 	
fiché		
contaient		
 'yez		
bu		
vite		
meilleurs		
genre		
franc		
adjure		
ça		
coutumière		
humain	souvent amoureux plusieurs 	
ses		
 'itié		
somme		
ce	`` ton mon 	
gentilhomme		
charge		
paroi		
 'nneau		
après		
ci	parentparents exciter contre 	
perce		
portent		
Anchial		
irrites		
fâché		
traite		
Jupiter		
vêtement		
aurions		
 're		
pensée		
excède		
font		
de	neptune festin etranger 	
venu		
découvre		
vent	rivage porte voile 	
 'illeurs		
vieux	lit an prince 	
mamelle		
terre	soir massif entre 	
 'rt		
Troye		
dressé		
foison		
perruques		
guère		
parte		
Déesse_N		
parti		
doute	differer antinois frapper 	
du	rentrer au loin 	
maudissons_N		
rudes		
maintenant	envers messieurs tres 	
tenir	deça mort age 	
vive		
duquel	gentil passer sorte 	
 'se		
excuses		
précieux		
méprise		
tirer	lors argent entre 	
mitonnera		
signifie		
prophétie		
chercherai		
pouvait		
 'st		
 'lle		
douloureux		
en	tout pere cœur 	
asseoir	habit rivage apercevoir 	
fuyant		
admise		
pareil		
es	appeler esprit lieu 	
et	etranger un battre 	
eu		
Parque		
assied		
pâmés		
parts		
nymphe	lorsqu vers chevelure 	
dussent		
étions		
répond		
pieça		
volontiers	sans gloire foifois 	
venue		
fol		
fi		
mentir	mere comment ni 	
tient		
partait		
tiens		
 'ncien		
 'ntention		
 'hère		
capable		
muets		
pendant	souvent amoureux messieurs plusieurs 	
contenu		
signe		
content	envers afin on 	
dites		
venus		
 'ui		
jouvenceau		
déchassant		
voltige		
ébattait		
trouble		
exclus		
seulet		
sis		
nourri		
encombre		
amère		
 'ux		
mettrons		
 'ut		
angoisseux		
lumière		
vents		
Zacynthe		
révèle		
trône		
vingt	bœuf place sous 	
fors		
venues		
attaché		
fort	vivre moins femme 	
prompt	commander pret raison 	
compagnon	milieu pres pretendant 	
saccagé		
expert		
prévoir		
vers	deesse lorsqu repandre 	
puissantes		
apercevante		
divine		
éviter		
imite		
 'pouserait		
joie	gentil present pretendre 	
promis		
enjoins		
enjoint		
Pisénoride		
eurent		
témoins		
Eupithe		
trépassés		
oisifs		
divins		
sentence		
lestage		
 'ccorder		
vais		
il	`` ce etranger 	
franchement		
riens		
large	des deça gros 	
 'ôte		
 'ntendit		
vain	exciter contre mener 	
revienne		
aimée		
argent	soir temps etat 	
compagnons		
frais		
 'ût		
tarder		
oublier	endroit entier savoir 	
conseille		
savant	bon marri pretendre 	
deçà		
ancrée		
autorisa		
forfaits		
je	tu engager ne 	
doctrine		
vaillants		
 'ttendit		
selon	soin autrement solennel 	
rencontre		
hantait		
pieds		
 'i		
sienne		
semblance		
âge		
 'l		
 'n		
sien	nul plaisir celebrer 	
déjà		
 'r		
lointains		
 's		
 'u		
Pallas		
aura		
trompeteur		
douaire		
informé		
munie		
dire	vouloir moi venir 	
robuste		
Eurymacque		
encore	vouloir enfant m 	
table	defaire divin soutenir 	
 'onneur		
hier		
Névier		
périe		
misérable		
jouissant		
portant		
 'ûreté		
passées		
Egyste		
pensiez		
la	or fait vetement 	
semblant		
plats		
fantaisie		
le	ce mente loin 	
pilier		
jouvenceaux		
autre	prendre main porte 	
 'sseoir		
constant		
manières		
fut		
ruinera		
fus		
appelez		
outrage		
office		
 'ospitalité		
soi	commander place gras 	
son	du s loin 	
ma		
Ménélas		
 'ppelle		
 'tre		
promet		
me	pouvoir ceci nous 	
chaut		
entre	soir dedans tuer 	
gouverneur		
porter	vent chanter main 	
lève		
déesse		
pourquoi	vieillard contre pensee 	
mutuels		
veux		
 'uvrage		
personne	desormais savoir on 	
perpétuels		
rigueur		
vendues		
partant		
choses		
lever	jeter espoir noir 	
termes		
plus	car longtemps nous 	
offre		
savait		
faibles		
déloyal		
cellier	desirer plat illustre 	
homme	apporter jurer quand 	
compagnie		
manoir		
plaisir	eriger celebrer sien 	
enveloppe		
soutenus		
ne	engager je - 	
dise		
noble	defaire obscur argent 	
veut		
malice		
ni	pouvoir comment ici 	
gouvernant		
fût		
dîner		
parents		
bon	eriger amasser facheux 	
contant		
astuce		
 'vaient		
volonté		
haranguer	eriger facheux metier 	
fontaines		
pouvant		
nombre	deja fort long 	
renom	endroit mot afin 	
noce	vrai des quant 	
 'ù		
départiront		
semblait		
enfardes		
puis	departir disposer peau 	
plusieurs	hache souvent boire 	
on	desormais venger content 	
subit		
Zéphyre		
couronnées		
or	gens la long 	
os		
clair		
contredit		
ores	duquel ecuyer vivant 	
ou	pouvoir si bien 	
oyant		
tenus		
soigneurs		
dits		
disposeront		
moult	gentil passer eriger 	
 'ntérieur		
familier		
toutefois	prophetie tant me 	
là		
connut		
pensif		
reviendrait		
panse		
merveille		
cherchaient		
soigneuse		
 'ntends		
nulle		
tenue		
vienne		
vengerais		
trompeur		
résonnèrent		
pu		
vieil		
sapin		
confire		
 'nquête		
gourmandent		
environ		
vaciller		
parlons		
bâtit		
attendre	petit devoir mieux 	
chèrement		
sortiront		
élue		
delà		
 'utrui		
dissiper		
laisse		
anciens		
 'ntretien		
qu	tu douleur toi 	
château		
vaisseau	arreter siege empresser 	
ordonne		
assavoir		
 'ommes		
apprêter		
venez		
né		
Grèce		
descente		
prenait		
plaisance		
amasserons		
mêmement		
assise		
sa		
sus	public partir ici 	
sur	pretendant sombre compagnon 	
connaissance	joie messieurs present 	
se	palais ame compagnon 	
sut		
si	pas moi ou 	
belle		
matrones		
hélas		
porte	vent voile mer 	
braves		
Mermère		
quelqu	sus eloigner chercher 	
pèsera		
périlleux		
su		
étincelants		
ériger		
coffre		
quels		
taureaux		
exprès		
où		
parlerai		
entrepris		
transmet		
ta		
données		
te	ou mon bien 	
érigée		
ont		
vante		
appoint		
viendra		
amis		
connaissait		
Égysthe		
but		
étrange		
tu	ne n perir 	
joint		
excellence		
ordre	pret tasse droit 	
sûr		
expiré		
fille	ils remplir approcher 	
sût		
triomphant		
plein	entreprendre coup courage 	
jour	visiter assemblee mettre 	
 'nstruiseet		
êtes		
échappé		
Ulyssienne		
pénètre		
un	du loin roi 	
noir	chevre apercevoir broc 	
allons		
gentiment		
noises		
demandent		
père		
céans		
us		
jusqu	dedans parmi demander 	
naissance	endroit certes vivant 	
heure	manger fait apres 	
exercé		
ope		
bienvenu		
exquis		
célébré		
martiaux		
première		
va		
conduisant		
embrochant		
degrés		
puni		
obscure		
soient		
ventre		
entendez		
vu		
faute		
figures		
changer		
larmes		
deux	trois femme lale 	
écuyers		
disposer	mariage lit puis 	
dépravée		
ardents		
 'vant		
suivait		
 'nduit		
lien		
tuer	dedans tasse droit 	
lieu	passer eriger soudain 	
Polyphème		
adonc	chant entour cabinet 	
assis		
parlerez		
élus		
détournent		
frayeur		
ors		
juste	engager patrie toi 	
hâtif		
transmis		
argus	impunement phemios immense 	
 'orce		
estimez		
appelèrent		
dame	souvent gentil messieurs 	
aies		
choix		
ancien	chant terminer prince 	
ennemis		
tenez		
suscités		
oncques		
rivage	vent ville porte 	
ceinte		
noisif		
sacs		
éternels		
beaucoup	demeurer ulysse coucher 	
cartiers		
quelconques		
souliers		
 'iseau		
affligé		
sornettes		
vengera		
sise		
menons		
guide		
friand		
foire		
courroux	ville eux grecs 	
 'rgent		
viandes		
Euriclée		
vivre	attendre fort mieux 	
 'ttraits		
raison	bon chemin soudain 	
joué		
damoiselle	esprit thelemacque connaître 	
quant	gentil vrai dela 	
 'uis		
 'rtifice		
prétendre		
force	avis pourtant appreter 	
poches		
sire		
entendit		
retour	lequel alors voix 	
robes		
Mastor		
 'rayeur		
longs		
naître	savant raison soudain 	
troublé		
servent		
course		
mortel	depuis entendre tomber 	
place	ordre epouser sous 	
quand	apporter poursuivant dont 	
agites		
avisons		
cuisiné		
tapisserie		
couard		
chemin	plaisir eriger amasser 	
enracin